-- Grimm
-- Author: wldcmzy
-- DateCreated: 12/27/2023 7:26:42 PM
--------------------------------------------------------------

INSERT INTO Types	
(Type,										Kind)
VALUES
('LEADER_GRIMM',							'KIND_LEADER'),
('TRAIT_LEADER_GRIMM',						'KIND_TRAIT'),
('TRAIT_THE_GRIMM_TROUPE',					'KIND_TRAIT'),
('ABILITY_LEADER_GRIMM_WRITER_GENERAL',		'KIND_ABILITY'),
('ABILITY_LEADER_GRIMM_MUSICIAN_GENERAL',	'KIND_ABILITY');

INSERT INTO TypeTags
(Type,										Tag)
VALUES
('ABILITY_LEADER_GRIMM_WRITER_GENERAL',		'CLASS_ALL_COMBAT_UNITS'),
('ABILITY_LEADER_GRIMM_MUSICIAN_GENERAL',	'CLASS_ALL_COMBAT_UNITS');

INSERT INTO UnitAbilities
(UnitAbilityType,							Name,												Description,										Inactive)
VALUES
('ABILITY_LEADER_GRIMM_WRITER_GENERAL',		'LOC_ABILITY_LEADER_GRIMM_WRITER_GENERAL_NAME',		'LOC_LEADER_GRIMM_WRITER_GENERAL_DESCRIPTION',		1),
('ABILITY_LEADER_GRIMM_MUSICIAN_GENERAL',	'LOC_ABILITY_LEADER_GRIMM_MUSICIAN_GENERAL_NAME',	'LOC_LEADER_GRIMM_MUSICIAN_GENERAL_DESCRIPTION',	1);


INSERT INTO Traits				
(TraitType,					Name,								Description)
VALUES
('TRAIT_LEADER_GRIMM',		'LOC_TRAIT_LEADER_GRIMM_NAME',		'LOC_TRAIT_LEADER_GRIMM_DESCRIPTION'),
('TRAIT_THE_GRIMM_TROUPE',	'LOC_TRAIT_THE_GRIMM_TROUPE_NAME',	'LOC_TRAIT_THE_GRIMM_TROUPE_DESCRIPTION');


INSERT INTO LeaderTraits	
(LeaderType,				TraitType)
VALUES
('LEADER_GRIMM',		'TRAIT_LEADER_GRIMM'),
('LEADER_GRIMM',		'TRAIT_THE_GRIMM_TROUPE');


INSERT INTO Leaders	
(LeaderType,		Name,						InheritFrom,		SceneLayers)
VALUES
('LEADER_GRIMM',	'LOC_LEADER_GRIMM_NAME',	'LEADER_DEFAULT',	4);

INSERT INTO LeaderQuotes	
(LeaderType,		Quote)
VALUES
('LEADER_GRIMM',	'LOC_PEDIA_LEADERS_PAGE_LEADER_GRIMM_QUOTE');



----------------------------------------------------------


INSERT INTO ModifierStrings
(ModifierId,											Context,			Text)
VALUES
('ABILITY_LEADER_GRIMM_WRITER_GENERAL_MODIFIER',		'Preview',			'LOC_ABILITY_LEADER_GRIMM_WRITER_GENERAL_DESCRIPTION'),
('ABILITY_LEADER_GRIMM_MUSICIAN_GENERAL_MODIFIER',		'Preview',			'LOC_ABILITY_LEADER_GRIMM_MUSICIAN_GENERAL_DESCRIPTION'),
('LEADER_GRIMM_WRITER_BECOME_GENERAL_MODIFIER',			'Preview',			'LOC_LEADER_GRIMM_WRITER_BECOME_GENERAL_DESCRIPTION'),
('LEADER_GRIMM_MUSICIAN_BECOME_GENERAL_MODIFIER',		'Preview',			'LOC_LEADER_GRIMM_MUSICIAN_BECOME_GENERAL_DESCRIPTION');


INSERT INTO TraitModifiers 
(TraitType,				ModifierId) 
VALUES 
('TRAIT_LEADER_GRIMM',	'TRAIT_LEADER_GRIMM_DECREASE_SCIENCE'),
('TRAIT_LEADER_GRIMM',	'TRAIT_LEADER_GRIMM_NO_EUREKA'),
('TRAIT_LEADER_GRIMM',	'TRAIT_LEADER_GRIMM_DOUBLE_INSPIRATION'),
('TRAIT_LEADER_GRIMM',	'MODIFIER_LEADER_GRIMM_CIVIC_BOOST'),
('TRAIT_LEADER_GRIMM',	'LEADER_GRIMM_WRITER_GENERAL_MODIFIER'),
('TRAIT_LEADER_GRIMM',	'LEADER_GRIMM_MUSICIAN_GENERAL_MODIFIER');


INSERT INTO UnitAbilityModifiers 
(UnitAbilityType,							ModifierId) 
VALUES 
('ABILITY_LEADER_GRIMM_WRITER_GENERAL',		'ABILITY_LEADER_GRIMM_WRITER_GENERAL_MODIFIER'),
('ABILITY_LEADER_GRIMM_MUSICIAN_GENERAL',	'ABILITY_LEADER_GRIMM_MUSICIAN_GENERAL_MODIFIER');


INSERT INTO Modifiers 
(ModifierId,										ModifierType,											RunOnce,	Permanent,	NewOnly,	OwnerRequirementSetId,	SubjectRequirementSetId) 
VALUES 
('TRAIT_LEADER_GRIMM_DECREASE_SCIENCE',				'MODIFIER_PLAYER_CITIES_ADJUST_CITY_YIELD_MODIFIER',	0,			0,			0,			NULL,					NULL),
('TRAIT_LEADER_GRIMM_NO_EUREKA',					'MODIFIER_PLAYER_ADJUST_TECHNOLOGY_BOOST',				0,			0,			0,			NULL,					NULL),
('TRAIT_LEADER_GRIMM_DOUBLE_INSPIRATION',			'MODIFIER_PLAYER_ADJUST_CIVIC_BOOST',					0,			0,			0,			NULL,					NULL),
('MODIFIER_LEADER_GRIMM_CIVIC_BOOST',				'MODIFIER_PLAYER_GRANT_RANDOM_CIVIC_BOOST_BY_ERA',		0,			0,			0,			NULL,					NULL),
('ABILITY_LEADER_GRIMM_WRITER_GENERAL_MODIFIER',	'MODIFIER_UNIT_ADJUST_COMBAT_STRENGTH',					0,			0,			0,			NULL,					NULL),
('ABILITY_LEADER_GRIMM_MUSICIAN_GENERAL_MODIFIER',	'MODIFIER_UNIT_ADJUST_COMBAT_STRENGTH',					0,			0,			0,			NULL,					NULL),
('LEADER_GRIMM_WRITER_GENERAL_MODIFIER',			'MODIFIER_PLAYER_UNITS_ATTACH_MODIFIER',				0,			0,			0,			NULL,					'GRIMM_UNIT_IS_WRITER'),
('LEADER_GRIMM_MUSICIAN_GENERAL_MODIFIER',			'MODIFIER_PLAYER_UNITS_ATTACH_MODIFIER',				0,			0,			0,			NULL,					'GRIMM_UNIT_IS_MUSICIAN'),
('LEADER_GRIMM_WRITER_BECOME_GENERAL_MODIFIER',		'MODIFIER_PLAYER_UNITS_GRANT_ABILITY',					0,			0,			0,			NULL,					'REQ_GRIMM_PEN2GUN_NEAR'),
('LEADER_GRIMM_MUSICIAN_BECOME_GENERAL_MODIFIER',	'MODIFIER_PLAYER_UNITS_GRANT_ABILITY',					0,			0,			0,			NULL,					'REQ_GRIMM_PEN2GUN_NEAR');


INSERT INTO ModifierArguments 
(ModifierId,												Name,			Value) 
VALUES 
('TRAIT_LEADER_GRIMM_DECREASE_SCIENCE',						'Amount',		'-80'), 
('TRAIT_LEADER_GRIMM_DECREASE_SCIENCE',						'YieldType',	'YIELD_SCIENCE'),
('TRAIT_LEADER_GRIMM_NO_EUREKA',							'Amount',		'-40'),
('TRAIT_LEADER_GRIMM_DOUBLE_INSPIRATION',					'Amount',		'40'),
('MODIFIER_LEADER_GRIMM_CIVIC_BOOST',						'Amount',		'1'), 
('MODIFIER_LEADER_GRIMM_CIVIC_BOOST',						'EndEraType',	'ERA_FUTURE'), 
('MODIFIER_LEADER_GRIMM_CIVIC_BOOST',						'StartEraType', 'ERA_ANCIENT'),
('ABILITY_LEADER_GRIMM_WRITER_GENERAL_MODIFIER',			'Amount',		'5'),
('ABILITY_LEADER_GRIMM_MUSICIAN_GENERAL_MODIFIER',			'Amount',		'5'),
('LEADER_GRIMM_WRITER_GENERAL_MODIFIER',					'ModifierId',	'LEADER_GRIMM_WRITER_BECOME_GENERAL_MODIFIER'),
('LEADER_GRIMM_MUSICIAN_GENERAL_MODIFIER',					'ModifierId',	'LEADER_GRIMM_MUSICIAN_BECOME_GENERAL_MODIFIER'),
('LEADER_GRIMM_WRITER_BECOME_GENERAL_MODIFIER',				'AbilityType',	'ABILITY_LEADER_GRIMM_WRITER_GENERAL'),
('LEADER_GRIMM_MUSICIAN_BECOME_GENERAL_MODIFIER',			'AbilityType',	'ABILITY_LEADER_GRIMM_MUSICIAN_GENERAL');


-- RequirementSets

INSERT INTO RequirementSets 
(RequirementSetId,				RequirementSetType) 
VALUES 
('GRIMM_UNIT_IS_WRITER',		'REQUIREMENTSET_TEST_ALL'),
('GRIMM_UNIT_IS_MUSICIAN',		'REQUIREMENTSET_TEST_ALL'),
('REQ_GRIMM_PEN2GUN_NEAR',		'REQUIREMENTSET_TEST_ALL');



INSERT INTO RequirementSetRequirements 
(RequirementSetId,				RequirementId) 
VALUES 
('GRIMM_UNIT_IS_WRITER',		'GRIMM_UNIT_IS_WRITER'),
('GRIMM_UNIT_IS_MUSICIAN',		'GRIMM_UNIT_IS_MUSICIAN'),
('REQ_GRIMM_PEN2GUN_NEAR',		'GRIMM_REQ_PLOT_NEAR');



-- Requirements

INSERT INTO Requirements 
(RequirementId,					RequirementType) 
VALUES 
('GRIMM_UNIT_IS_WRITER',		'REQUIREMENT_UNIT_TYPE_MATCHES'),
('GRIMM_UNIT_IS_MUSICIAN',		'REQUIREMENT_UNIT_TYPE_MATCHES'),
('GRIMM_REQ_PLOT_NEAR',			'REQUIREMENT_PLOT_ADJACENT_TO_OWNER');



INSERT INTO RequirementArguments 
(RequirementId,					Name,						Value) 
VALUES 
('GRIMM_UNIT_IS_WRITER',		'UnitType',					'UNIT_GREAT_WRITER'),
('GRIMM_UNIT_IS_MUSICIAN',		'UnitType',					'UNIT_GREAT_MUSICIAN'),
('GRIMM_REQ_PLOT_NEAR',			'MaxDistance',				'2'),
('GRIMM_REQ_PLOT_NEAR',			'MinDistance',				'0');




--------------------------------------------------------------------------------
--------------------------------------------------------------------------------

-- The Grimm Troupe Extra Buff

-- Modifiers

INSERT INTO TraitModifiers 
(TraitType,					ModifierId) 
VALUES 
('TRAIT_LEADER_GRIMM',		'TRAIT_LEADER_GRIMM_CITY_ATTACH_TROUPE_EXTRA_BUFF_CULTURE'),
('TRAIT_LEADER_GRIMM',		'TRAIT_LEADER_GRIMM_CITY_ATTACH_TROUPE_EXTRA_BUFF_PRODUCTION'),
('TRAIT_LEADER_GRIMM',		'TRAIT_LEADER_GRIMM_GRASP_PRINT_CITY_ATTACH_TROUPE_EXTRA_BUFF_CULTURE'),
('TRAIT_LEADER_GRIMM',		'TRAIT_LEADER_GRIMM_GRASP_PRINT_CITY_ATTACH_TROUPE_EXTRA_BUFF_PRODUCTION');


INSERT INTO Modifiers 
(ModifierId,																ModifierType,										RunOnce,	Permanent,	NewOnly,	OwnerRequirementSetId,	SubjectRequirementSetId) 
VALUES 
('TRAIT_LEADER_GRIMM_CITY_ATTACH_TROUPE_EXTRA_BUFF_CULTURE',				'MODIFIER_PLAYER_CITIES_ATTACH_MODIFIER',			0,			0,			0,			NULL,					'REQ_IF_CITY_HAS_THE_GRIMM_TROUPE'),
('TRAIT_LEADER_GRIMM_CITY_ATTACH_TROUPE_EXTRA_BUFF_PRODUCTION',				'MODIFIER_PLAYER_CITIES_ATTACH_MODIFIER',			0,			0,			0,			NULL,					'REQ_IF_CITY_HAS_THE_GRIMM_TROUPE'),
('TRAIT_LEADER_GRIMM_GRASP_PRINT_CITY_ATTACH_TROUPE_EXTRA_BUFF_CULTURE',	'MODIFIER_PLAYER_CITIES_ATTACH_MODIFIER',			0,			0,			0,			'REQ_TECH_GRASP_PRINT', 'REQ_IF_CITY_HAS_THE_GRIMM_TROUPE'),
('TRAIT_LEADER_GRIMM_GRASP_PRINT_CITY_ATTACH_TROUPE_EXTRA_BUFF_PRODUCTION', 'MODIFIER_PLAYER_CITIES_ATTACH_MODIFIER',			0,			0,			0,			'REQ_TECH_GRASP_PRINT', 'REQ_IF_CITY_HAS_THE_GRIMM_TROUPE'),
('TRAIT_LEADER_GRIMM_CITY_S_TROUPE_EXTRA_BUFF_CULTURE',						'MODIFIER_CITY_PLOT_YIELDS_ADJUST_PLOT_YIELD',		0,			0,			0,			NULL,					NULL),
('TRAIT_LEADER_GRIMM_CITY_S_TROUPE_EXTRA_BUFF_PRODUCTION',					'MODIFIER_CITY_PLOT_YIELDS_ADJUST_PLOT_YIELD',		0,			0,			0,			NULL,					NULL);


INSERT INTO ModifierArguments 
(ModifierId,																Name,			Value) 
VALUES 
('TRAIT_LEADER_GRIMM_CITY_ATTACH_TROUPE_EXTRA_BUFF_CULTURE',				'ModifierId',	'TRAIT_LEADER_GRIMM_CITY_S_TROUPE_EXTRA_BUFF_CULTURE'),
('TRAIT_LEADER_GRIMM_CITY_ATTACH_TROUPE_EXTRA_BUFF_PRODUCTION',				'ModifierId',	'TRAIT_LEADER_GRIMM_CITY_S_TROUPE_EXTRA_BUFF_PRODUCTION'),
('TRAIT_LEADER_GRIMM_GRASP_PRINT_CITY_ATTACH_TROUPE_EXTRA_BUFF_CULTURE',	'ModifierId',	'TRAIT_LEADER_GRIMM_CITY_S_TROUPE_EXTRA_BUFF_CULTURE'),
('TRAIT_LEADER_GRIMM_GRASP_PRINT_CITY_ATTACH_TROUPE_EXTRA_BUFF_PRODUCTION', 'ModifierId',	'TRAIT_LEADER_GRIMM_CITY_S_TROUPE_EXTRA_BUFF_PRODUCTION'),
('TRAIT_LEADER_GRIMM_CITY_S_TROUPE_EXTRA_BUFF_CULTURE',						'Amount',		'1'), 
('TRAIT_LEADER_GRIMM_CITY_S_TROUPE_EXTRA_BUFF_CULTURE',						'YieldType',	'YIELD_CULTURE'),
('TRAIT_LEADER_GRIMM_CITY_S_TROUPE_EXTRA_BUFF_PRODUCTION',					'Amount',		'1'), 
('TRAIT_LEADER_GRIMM_CITY_S_TROUPE_EXTRA_BUFF_PRODUCTION',					'YieldType',	'YIELD_PRODUCTION');

-- RequirementSets

INSERT INTO RequirementSets 
(RequirementSetId,						RequirementSetType) 
VALUES 
('REQ_IF_CITY_HAS_THE_GRIMM_TROUPE',	'REQUIREMENTSET_TEST_ALL'),
('REQ_TECH_GRASP_PRINT',				'REQUIREMENTSET_TEST_ALL');

INSERT INTO RequirementSetRequirements 
(RequirementSetId,						RequirementId) 
VALUES 
('REQ_IF_CITY_HAS_THE_GRIMM_TROUPE',	'CITY_HAS_THE_GRIMM_TROUPE'),
('REQ_TECH_GRASP_PRINT',				'HAS_GRASP_PRINT_TECH');

-- Requirements

INSERT INTO Requirements 
(RequirementId,					RequirementType) 
VALUES 
('CITY_HAS_THE_GRIMM_TROUPE',	'REQUIREMENT_CITY_HAS_BUILDING'),
('HAS_GRASP_PRINT_TECH',		'REQUIREMENT_PLAYER_HAS_TECHNOLOGY');

INSERT INTO RequirementArguments 
(RequirementId,					Name,				Value) 
VALUES 
('CITY_HAS_THE_GRIMM_TROUPE',	'BuildingType',		'BUILDING_THE_GRIMM_TROUPE'),
('HAS_GRASP_PRINT_TECH',		'TechnologyType',	'TECH_PRINTING');

 
